user_id,name,email,subscription_id,join_date
1,Allison Hill,clam@gmail.com,3,06-08-2024
2,Noah Rhodes,calebsmith@hall.com,1,14-10-2023
3,Angie Henderson,whiteheadmichele@palmer.info,3,26-09-2023
4,Daniel Wagner,jenniferkhan@kennedy.com,3,24-05-2025
5,Cristian Santos,hopkinsmichael@owens-daniel.com,1,11-11-2023
6,Connie Lawrence,zchandler@wright.net,1,24-11-2024
7,Abigail Shaffer,robertramirez@gmail.com,3,28-09-2024
8,Gina Moore,jmorton@williams.com,2,07-05-2025
9,Gabrielle Davis,gabrieltucker@hancock.com,3,13-09-2023
10,Ryan Munoz,gallowayjoseph@yahoo.com,3,07-11-2023
11,Monica Herrera,uhorton@hotmail.com,3,21-07-2024
12,Jamie Arnold,jamesrobinson@gmail.com,3,05-01-2023
13,Lisa Hensley,brian97@calhoun.net,1,24-11-2023
14,Michele Williams,caseyjones@powell.com,3,06-09-2023
15,Dylan Miller,barnesbrandy@stewart.com,2,03-11-2023
16,Brian Ramirez,randy47@hickman-walls.com,1,10-02-2024
17,Holly Wood,jonesjason@yahoo.com,2,16-01-2024
18,Derek Zuniga,nicole35@moore-bass.com,2,24-12-2024
19,Lisa Jackson,sarah12@wilson-rodriguez.net,2,10-01-2023
20,Carla Gray,juan35@watts.net,2,09-04-2023
21,Margaret Hawkins DDS,rebecca01@hotmail.com,1,29-04-2023
22,Patty Perez,bradley52@hotmail.com,1,01-09-2023
23,Ethan Adams,joycearnold@yahoo.com,2,24-04-2024
24,Tommy Walter,jonesnicole@gardner.org,2,20-08-2025
25,Matthew Foster,tanderson@nolan-flynn.com,1,02-05-2023
26,Judy Baker,evelynestrada@yahoo.com,1,05-08-2023
27,Justin Baker,sarayoung@gmail.com,1,15-12-2022
28,Stephanie Ross,vjohnson@patton-jenkins.com,3,12-06-2024
29,Zachary Hicks,kristinrodriguez@gmail.com,3,01-06-2024
30,Anthony Rodriguez,jamessellers@yahoo.com,3,03-02-2024
31,Rebecca Henderson,jeffreykeller@yahoo.com,2,27-12-2024
32,James Ferrell,michelle45@hotmail.com,3,30-08-2024
33,Tricia Valencia,sheila14@gmail.com,2,13-06-2024
34,Nathan Maldonado,rodriguezryan@hotmail.com,2,12-12-2022
35,Debra Davidson,gobrien@gmail.com,3,25-07-2023
36,Jeffrey Chavez,jonathanfletcher@gmail.com,2,20-06-2024
37,Sherri Baker,ryan59@alvarado-martinez.com,3,04-05-2024
38,Cassandra Gaines,snguyen@yahoo.com,3,02-03-2025
39,Elizabeth Fowler,robertbentley@adkins.biz,1,22-08-2025
40,Brittany Farmer,justin69@pena.com,3,07-10-2022
41,Paula Moreno,donnacampbell@hotmail.com,1,17-02-2025
42,Fred Smith,cardenaskaren@hotmail.com,3,19-04-2024
43,Sherry Decker,lindsayhernandez@gmail.com,3,16-09-2024
44,Anthony Humphrey,xcarr@gibson.org,1,16-09-2022
45,Angelica Tucker,psnyder@douglas.com,1,06-03-2024
46,Philip Cannon,gregoryrubio@hotmail.com,3,14-12-2023
47,John Pierce,grantsamantha@gmail.com,2,04-05-2024
48,Shane Henderson,lauriecontreras@hotmail.com,1,18-06-2024
49,Joshua Blair,usalazar@hotmail.com,2,21-12-2024
50,Eric Carney,vmerritt@yahoo.com,2,02-01-2025
